"id","pessoaID","foto"
"1","1","/fotos/fotografia1.jpg"
"2","2","/fotos/fotografia2.jpg"
"3","3","/fotos/fotografia3.jpg"
"4","4","/fotos/fotografia4.jpg"
"5","5","/fotos/fotografia5.jpg"
"6","6","/fotos/fotografia6.jpg"
"7","7","/fotos/fotografia7.jpg"
"8","8","/fotos/fotografia8.jpg"
"9","9","/fotos/fotografia9.jpg"
"10","10","/fotos/fotografiad.jpg"
"11","11","/fotos/fotografia.jpg"
"12","12","/fotos/fotografsdsdsdia.jpg"
"13","13","/fotos/fotografia10.jpg"
"14","14","/fotos/fotografdsdsdsddsddffia.jpg"
"15","15","/fotos/fotografia11.jpg"
"16","16","/fotos/fotografia12.jpg"
"17","17","/fotos/fotografia13.jpg"
"18","18","/fotos/fotografia14.jpg"
"19","19","/fotos/fotografia15.jpg"
"20","20","/fotos/fotografia16.jpg"
"21","21","/fotos/fotografia17.jpg"
"22","22","/fotos/fotografia18.jpg"
"23","23","/fotos/fotografia19.jpg"
"24","24","/fotos/fotografia20.jpg"
"25","25","/fotos/fotografia21.jpg"
"26","26","/fotos/fotografia22.jpg"
"27","27","/fotos/fotografia23.jpg"
"28","28","/fotos/fotografia24.jpg"
"29","29","/fotos/fotografia25.jpg"
"30","30","/fotos/fotografia26.jpg"
"31","31","/fotos/fotografia27.jpg"
"32","32","/fotos/fotografia28.jpg"
"33","33","/fotos/fotografia29.jpg"
"34","34","/fotos/fotografia30.jpg"
"35","35","/fotos/fotografia31.jpg"
"36","36","/fotos/fotografia32.jpg"
"37","37","/fotos/fotografia33.jpg"
"38","38","/fotos/fotografia34.jpg"
"39","39","/fotos/fotografia35.jpg"
"40","40","/fotos/fotografia36.jpg"
